Suite/Test/Step Name,Browser,Description,Tag,Start time,End time,Duration,Status
RegressionWeb,Chrome 108.0.0.0,,,2022-12-21 00:35:21,2022-12-21 00:53:14,17m - 53.205s,FAILED
,,,,,,,
Test Cases/BA001_Login,Chrome 108.0.0.0,,,2022-12-21 00:35:22,2022-12-21 00:35:37,15.050s,PASSED
"openBrowser("""")",Chrome 108.0.0.0,,,2022-12-21 00:35:22,2022-12-21 00:35:26,3.554s,PASSED
"navigateToUrl(""https://tes-capstone-website.vercel.app/admin/login"")",Chrome 108.0.0.0,,,2022-12-21 00:35:26,2022-12-21 00:35:30,4.059s,PASSED
"setText(findTestObject(""Auth/Email""), ""rnd.rindhu@gmail.com"")",Chrome 108.0.0.0,,,2022-12-21 00:35:30,2022-12-21 00:35:31,1.158s,PASSED
"setText(findTestObject(""Auth/Password""), ""@Password123"")",Chrome 108.0.0.0,,,2022-12-21 00:35:31,2022-12-21 00:35:32,0.960s,PASSED
"click(findTestObject(""Auth/LoginButton""))",Chrome 108.0.0.0,,,2022-12-21 00:35:32,2022-12-21 00:35:32,0.442s,PASSED
"verifyElementPresent(findTestObject(""Auth/ValidateonHomePage""), 0)",Chrome 108.0.0.0,,,2022-12-21 00:35:32,2022-12-21 00:35:35,3.012s,PASSED
closeBrowser(),Chrome 108.0.0.0,,,2022-12-21 00:35:35,2022-12-21 00:35:37,1.134s,PASSED
,,,,,,,
Test Cases/BA002_LogEmPass,Chrome 108.0.0.0,,,2022-12-21 00:35:37,2022-12-21 00:35:47,10.206s,PASSED
"openBrowser("""")",Chrome 108.0.0.0,,,2022-12-21 00:35:37,2022-12-21 00:35:39,1.578s,PASSED
"navigateToUrl(""https://tes-capstone-website.vercel.app/admin/login"")",Chrome 108.0.0.0,,,2022-12-21 00:35:39,2022-12-21 00:35:43,4.090s,PASSED
"setText(findTestObject(""Auth/Email""), ""rindhaay00@gmail.com"")",Chrome 108.0.0.0,,,2022-12-21 00:35:43,2022-12-21 00:35:44,1.232s,PASSED
"setText(findTestObject(""Auth/Password""), ""@Password125"")",Chrome 108.0.0.0,,,2022-12-21 00:35:44,2022-12-21 00:35:45,0.904s,PASSED
"click(findTestObject(""Auth/LoginButton""))",Chrome 108.0.0.0,,,2022-12-21 00:35:45,2022-12-21 00:35:46,0.495s,PASSED
"verifyElementPresent(findTestObject(""Auth/Peringatan""), 0)",Chrome 108.0.0.0,,,2022-12-21 00:35:46,2022-12-21 00:35:46,0.627s,PASSED
closeBrowser(),Chrome 108.0.0.0,,,2022-12-21 00:35:46,2022-12-21 00:35:47,0.629s,PASSED
,,,,,,,
Test Cases/BA003_LogEm,Chrome 108.0.0.0,,,2022-12-21 00:35:47,2022-12-21 00:35:56,9.422s,PASSED
"openBrowser("""")",Chrome 108.0.0.0,,,2022-12-21 00:35:47,2022-12-21 00:35:49,1.336s,PASSED
"navigateToUrl(""https://tes-capstone-website.vercel.app/admin/login"")",Chrome 108.0.0.0,,,2022-12-21 00:35:49,2022-12-21 00:35:53,3.762s,PASSED
"setText(findTestObject(""Auth/Email""), ""rindhaay00@gmail.com"")",Chrome 108.0.0.0,,,2022-12-21 00:35:53,2022-12-21 00:35:54,0.993s,PASSED
"setText(findTestObject(""Auth/Password""), ""@Password123"")",Chrome 108.0.0.0,,,2022-12-21 00:35:54,2022-12-21 00:35:54,0.811s,PASSED
"click(findTestObject(""Auth/LoginButton""))",Chrome 108.0.0.0,,,2022-12-21 00:35:54,2022-12-21 00:35:55,0.429s,PASSED
"verifyElementPresent(findTestObject(""Auth/Peringatan""), 0)",Chrome 108.0.0.0,,,2022-12-21 00:35:55,2022-12-21 00:35:56,0.718s,PASSED
closeBrowser(),Chrome 108.0.0.0,,,2022-12-21 00:35:56,2022-12-21 00:35:56,0.713s,PASSED
,,,,,,,
Test Cases/BA004_LogPass,Chrome 108.0.0.0,,,2022-12-21 00:35:56,2022-12-21 00:36:11,15.072s,PASSED
"openBrowser("""")",Chrome 108.0.0.0,,,2022-12-21 00:35:56,2022-12-21 00:35:58,1.214s,PASSED
"navigateToUrl(""https://tes-capstone-website.vercel.app/admin/login"")",Chrome 108.0.0.0,,,2022-12-21 00:35:58,2022-12-21 00:36:07,9.179s,PASSED
"setText(findTestObject(""Auth/Email""), ""rnd.rindhu@gmail.com"")",Chrome 108.0.0.0,,,2022-12-21 00:36:07,2022-12-21 00:36:08,1.106s,PASSED
"setText(findTestObject(""Auth/Password""), ""@Password125"")",Chrome 108.0.0.0,,,2022-12-21 00:36:08,2022-12-21 00:36:09,1.093s,PASSED
"click(findTestObject(""Auth/LoginButton""))",Chrome 108.0.0.0,,,2022-12-21 00:36:09,2022-12-21 00:36:10,0.643s,PASSED
"verifyElementPresent(findTestObject(""Auth/Peringatan""), 0)",Chrome 108.0.0.0,,,2022-12-21 00:36:10,2022-12-21 00:36:10,0.747s,PASSED
closeBrowser(),Chrome 108.0.0.0,,,2022-12-21 00:36:10,2022-12-21 00:36:11,0.832s,PASSED
,,,,,,,
Test Cases/BB001_ViewUser,Chrome 108.0.0.0,,,2022-12-21 00:36:11,2022-12-21 00:36:24,12.626s,PASSED
"openBrowser("""")",Chrome 108.0.0.0,,,2022-12-21 00:36:12,2022-12-21 00:36:13,1.238s,PASSED
maximizeWindow(),Chrome 108.0.0.0,,,2022-12-21 00:36:13,2022-12-21 00:36:13,0.147s,PASSED
"navigateToUrl(""https://tes-capstone-website.vercel.app/admin/login"")",Chrome 108.0.0.0,,,2022-12-21 00:36:13,2022-12-21 00:36:17,3.787s,PASSED
"setText(findTestObject(""Auth/Email""), ""admin@nyakit.in"")",Chrome 108.0.0.0,,,2022-12-21 00:36:17,2022-12-21 00:36:18,1.124s,PASSED
"setText(findTestObject(""Auth/Password""), ""@Password123"")",Chrome 108.0.0.0,,,2022-12-21 00:36:18,2022-12-21 00:36:19,0.966s,PASSED
"click(findTestObject(""Auth/LoginButton""))",Chrome 108.0.0.0,,,2022-12-21 00:36:19,2022-12-21 00:36:20,0.546s,PASSED
"click(findTestObject(""ManageUser/ManageUser""))",Chrome 108.0.0.0,,,2022-12-21 00:36:20,2022-12-21 00:36:23,3.147s,PASSED
closeBrowser(),Chrome 108.0.0.0,,,2022-12-21 00:36:23,2022-12-21 00:36:24,1.215s,PASSED
,,,,,,,
Test Cases/BB002_VerifUser,Chrome 108.0.0.0,,,2022-12-21 00:36:24,2022-12-21 00:37:08,43.957s,FAILED
"openBrowser("""")",Chrome 108.0.0.0,,,2022-12-21 00:36:24,2022-12-21 00:36:25,1.263s,PASSED
maximizeWindow(),Chrome 108.0.0.0,,,2022-12-21 00:36:25,2022-12-21 00:36:26,0.126s,PASSED
"navigateToUrl(""https://tes-capstone-website.vercel.app/admin/login"")",Chrome 108.0.0.0,,,2022-12-21 00:36:26,2022-12-21 00:36:30,4.404s,PASSED
"setText(findTestObject(""Auth/Email""), ""admin@nyakit.in"")",Chrome 108.0.0.0,,,2022-12-21 00:36:30,2022-12-21 00:36:31,0.888s,PASSED
"setText(findTestObject(""Auth/Password""), ""@Password123"")",Chrome 108.0.0.0,,,2022-12-21 00:36:31,2022-12-21 00:36:32,0.830s,PASSED
"click(findTestObject(""Auth/LoginButton""))",Chrome 108.0.0.0,,,2022-12-21 00:36:32,2022-12-21 00:36:32,0.517s,PASSED
"click(findTestObject(""ManageUser/ManageUser""))",Chrome 108.0.0.0,,,2022-12-21 00:36:32,2022-12-21 00:36:35,3.064s,PASSED
"click(findTestObject(""ManageUser/Option""))",Chrome 108.0.0.0,,,2022-12-21 00:36:35,2022-12-21 00:36:36,1.109s,PASSED
"click(findTestObject(""ManageUser/EditButton""))",Chrome 108.0.0.0,,,2022-12-21 00:36:36,2022-12-21 00:37:08,31.474s,FAILED
,,,,,,,
Test Cases/BB003_UnverifUser,Chrome 108.0.0.0,,,2022-12-21 00:37:08,2022-12-21 00:37:52,44.571s,FAILED
"openBrowser("""")",Chrome 108.0.0.0,,,2022-12-21 00:37:08,2022-12-21 00:37:11,2.241s,PASSED
maximizeWindow(),Chrome 108.0.0.0,,,2022-12-21 00:37:11,2022-12-21 00:37:11,0.151s,PASSED
"navigateToUrl(""https://tes-capstone-website.vercel.app/admin/login"")",Chrome 108.0.0.0,,,2022-12-21 00:37:11,2022-12-21 00:37:15,3.740s,PASSED
"setText(findTestObject(""Auth/Email""), ""admin@nyakit.in"")",Chrome 108.0.0.0,,,2022-12-21 00:37:15,2022-12-21 00:37:16,0.928s,PASSED
"setText(findTestObject(""Auth/Password""), ""@Password123"")",Chrome 108.0.0.0,,,2022-12-21 00:37:16,2022-12-21 00:37:16,0.946s,PASSED
"click(findTestObject(""Auth/LoginButton""))",Chrome 108.0.0.0,,,2022-12-21 00:37:16,2022-12-21 00:37:17,0.367s,PASSED
"click(findTestObject(""ManageUser/ManageUser""))",Chrome 108.0.0.0,,,2022-12-21 00:37:17,2022-12-21 00:37:20,3.051s,PASSED
"click(findTestObject(""ManageUser/Option""))",Chrome 108.0.0.0,,,2022-12-21 00:37:20,2022-12-21 00:37:21,1.150s,PASSED
"click(findTestObject(""ManageUser/EditButton""))",Chrome 108.0.0.0,,,2022-12-21 00:37:21,2022-12-21 00:37:52,31.447s,FAILED
,,,,,,,
Test Cases/BB005_SearchUser,Chrome 108.0.0.0,,,2022-12-21 00:37:52,2022-12-21 00:38:06,13.664s,PASSED
"openBrowser("""")",Chrome 108.0.0.0,,,2022-12-21 00:37:53,2022-12-21 00:37:55,1.798s,PASSED
maximizeWindow(),Chrome 108.0.0.0,,,2022-12-21 00:37:55,2022-12-21 00:37:55,0.118s,PASSED
"navigateToUrl(""https://tes-capstone-website.vercel.app/admin/login"")",Chrome 108.0.0.0,,,2022-12-21 00:37:55,2022-12-21 00:37:58,3.466s,PASSED
"setText(findTestObject(""Auth/Email""), ""rnd.rindhu@gmail.com"")",Chrome 108.0.0.0,,,2022-12-21 00:37:58,2022-12-21 00:37:59,1.006s,PASSED
"setText(findTestObject(""Auth/Password""), ""@Password123"")",Chrome 108.0.0.0,,,2022-12-21 00:37:59,2022-12-21 00:38:00,0.925s,PASSED
"click(findTestObject(""Auth/LoginButton""))",Chrome 108.0.0.0,,,2022-12-21 00:38:00,2022-12-21 00:38:00,0.342s,PASSED
"click(findTestObject(""ManageUser/ManageUser""))",Chrome 108.0.0.0,,,2022-12-21 00:38:00,2022-12-21 00:38:04,3.331s,PASSED
"setText(findTestObject(""ManageUser/Search""), ""rin"")",Chrome 108.0.0.0,,,2022-12-21 00:38:04,2022-12-21 00:38:05,1.137s,PASSED
closeBrowser(),Chrome 108.0.0.0,,,2022-12-21 00:38:05,2022-12-21 00:38:06,1.274s,PASSED
,,,,,,,
Test Cases/BC001_ViewTransaksi,Chrome 108.0.0.0,,,2022-12-21 00:38:06,2022-12-21 00:38:18,12.195s,PASSED
"openBrowser("""")",Chrome 108.0.0.0,,,2022-12-21 00:38:07,2022-12-21 00:38:08,1.204s,PASSED
maximizeWindow(),Chrome 108.0.0.0,,,2022-12-21 00:38:08,2022-12-21 00:38:08,0.125s,PASSED
"navigateToUrl(""https://tes-capstone-website.vercel.app/admin/login"")",Chrome 108.0.0.0,,,2022-12-21 00:38:08,2022-12-21 00:38:12,3.710s,PASSED
"setText(findTestObject(""Auth/Email""), ""admin@nyakit.in"")",Chrome 108.0.0.0,,,2022-12-21 00:38:12,2022-12-21 00:38:13,1.059s,PASSED
"setText(findTestObject(""Auth/Password""), ""@Password123"")",Chrome 108.0.0.0,,,2022-12-21 00:38:13,2022-12-21 00:38:14,1.047s,PASSED
"click(findTestObject(""Auth/LoginButton""))",Chrome 108.0.0.0,,,2022-12-21 00:38:14,2022-12-21 00:38:14,0.433s,PASSED
"click(findTestObject(""ManageTransaksi/ManageTransaksi""))",Chrome 108.0.0.0,,,2022-12-21 00:38:14,2022-12-21 00:38:17,3.212s,PASSED
closeBrowser(),Chrome 108.0.0.0,,,2022-12-21 00:38:17,2022-12-21 00:38:18,1.054s,PASSED
,,,,,,,
Test Cases/BC002_TransSuccess,Chrome 108.0.0.0,,,2022-12-21 00:38:18,2022-12-21 00:38:37,18.548s,PASSED
"openBrowser("""")",Chrome 108.0.0.0,,,2022-12-21 00:38:19,2022-12-21 00:38:20,1.371s,PASSED
maximizeWindow(),Chrome 108.0.0.0,,,2022-12-21 00:38:20,2022-12-21 00:38:20,0.192s,PASSED
"navigateToUrl(""https://tes-capstone-website.vercel.app/admin/login"")",Chrome 108.0.0.0,,,2022-12-21 00:38:20,2022-12-21 00:38:26,5.605s,PASSED
"setText(findTestObject(""Auth/Email""), ""admin@nyakit.in"")",Chrome 108.0.0.0,,,2022-12-21 00:38:26,2022-12-21 00:38:27,1.132s,PASSED
"setText(findTestObject(""Auth/Password""), ""@Password123"")",Chrome 108.0.0.0,,,2022-12-21 00:38:27,2022-12-21 00:38:28,1.002s,PASSED
"click(findTestObject(""Auth/LoginButton""))",Chrome 108.0.0.0,,,2022-12-21 00:38:28,2022-12-21 00:38:29,0.555s,PASSED
"click(findTestObject(""ManageTransaksi/ManageTransaksi""))",Chrome 108.0.0.0,,,2022-12-21 00:38:29,2022-12-21 00:38:32,3.318s,PASSED
"click(findTestObject(""ManageTransaksi/Option""))",Chrome 108.0.0.0,,,2022-12-21 00:38:32,2022-12-21 00:38:33,0.976s,PASSED
"click(findTestObject(""ManageTransaksi/Edit""))",Chrome 108.0.0.0,,,2022-12-21 00:38:33,2022-12-21 00:38:34,1.128s,PASSED
"selectOptionByValue(findTestObject(""ManageTransaksi/PilihDisini""), ""SUCCESS"", true)",Chrome 108.0.0.0,,,2022-12-21 00:38:34,2022-12-21 00:38:36,1.582s,PASSED
"click(findTestObject(""ManageTransaksi/simpan""))",Chrome 108.0.0.0,,,2022-12-21 00:38:36,2022-12-21 00:38:36,0.511s,PASSED
closeBrowser(),Chrome 108.0.0.0,,,2022-12-21 00:38:36,2022-12-21 00:38:37,0.683s,PASSED
,,,,,,,
Test Cases/BC003_TransPending,Chrome 108.0.0.0,,,2022-12-21 00:38:37,2022-12-21 00:38:53,16.057s,PASSED
"openBrowser("""")",Chrome 108.0.0.0,,,2022-12-21 00:38:37,2022-12-21 00:38:38,1.213s,PASSED
maximizeWindow(),Chrome 108.0.0.0,,,2022-12-21 00:38:38,2022-12-21 00:38:39,0.125s,PASSED
"navigateToUrl(""https://tes-capstone-website.vercel.app/admin/login"")",Chrome 108.0.0.0,,,2022-12-21 00:38:39,2022-12-21 00:38:42,3.639s,PASSED
"setText(findTestObject(""Auth/Email""), ""admin@nyakit.in"")",Chrome 108.0.0.0,,,2022-12-21 00:38:42,2022-12-21 00:38:43,0.925s,PASSED
"setText(findTestObject(""Auth/Password""), ""@Password123"")",Chrome 108.0.0.0,,,2022-12-21 00:38:43,2022-12-21 00:38:44,0.921s,PASSED
"click(findTestObject(""Auth/LoginButton""))",Chrome 108.0.0.0,,,2022-12-21 00:38:44,2022-12-21 00:38:44,0.421s,PASSED
"click(findTestObject(""ManageTransaksi/ManageTransaksi""))",Chrome 108.0.0.0,,,2022-12-21 00:38:44,2022-12-21 00:38:48,3.408s,PASSED
"click(findTestObject(""ManageTransaksi/Option""))",Chrome 108.0.0.0,,,2022-12-21 00:38:48,2022-12-21 00:38:49,1.204s,PASSED
"click(findTestObject(""ManageTransaksi/Edit""))",Chrome 108.0.0.0,,,2022-12-21 00:38:49,2022-12-21 00:38:50,1.165s,PASSED
"selectOptionByValue(findTestObject(""ManageTransaksi/PilihDisini""), ""PENDING"", true)",Chrome 108.0.0.0,,,2022-12-21 00:38:50,2022-12-21 00:38:52,1.692s,PASSED
"click(findTestObject(""ManageTransaksi/simpan""))",Chrome 108.0.0.0,,,2022-12-21 00:38:52,2022-12-21 00:38:52,0.444s,PASSED
closeBrowser(),Chrome 108.0.0.0,,,2022-12-21 00:38:52,2022-12-21 00:38:53,0.622s,PASSED
,,,,,,,
Test Cases/BC004_TransCancel,Chrome 108.0.0.0,,,2022-12-21 00:38:53,2022-12-21 00:39:36,42.525s,FAILED
"openBrowser("""")",Chrome 108.0.0.0,,,2022-12-21 00:38:53,2022-12-21 00:38:55,1.201s,PASSED
maximizeWindow(),Chrome 108.0.0.0,,,2022-12-21 00:38:55,2022-12-21 00:38:55,0.123s,PASSED
"navigateToUrl(""https://tes-capstone-website.vercel.app/admin/login"")",Chrome 108.0.0.0,,,2022-12-21 00:38:55,2022-12-21 00:38:58,3.554s,PASSED
"setText(findTestObject(""Auth/Email""), ""admin@nyakit.in"")",Chrome 108.0.0.0,,,2022-12-21 00:38:58,2022-12-21 00:38:59,1.008s,PASSED
"setText(findTestObject(""Auth/Password""), ""@Password123"")",Chrome 108.0.0.0,,,2022-12-21 00:38:59,2022-12-21 00:39:00,0.934s,PASSED
"click(findTestObject(""Auth/LoginButton""))",Chrome 108.0.0.0,,,2022-12-21 00:39:00,2022-12-21 00:39:01,0.570s,PASSED
"click(findTestObject(""ManageTransaksi/ManageTransaksi""))",Chrome 108.0.0.0,,,2022-12-21 00:39:01,2022-12-21 00:39:04,3.311s,PASSED
"click(findTestObject(""ManageTransaksi/Option""))",Chrome 108.0.0.0,,,2022-12-21 00:39:04,2022-12-21 00:39:36,31.469s,FAILED
,,,,,,,
Test Cases/BC005_TransWithoutSimpan,Chrome 108.0.0.0,,,2022-12-21 00:39:36,2022-12-21 00:40:19,43.571s,FAILED
"openBrowser("""")",Chrome 108.0.0.0,,,2022-12-21 00:39:36,2022-12-21 00:39:38,1.908s,PASSED
maximizeWindow(),Chrome 108.0.0.0,,,2022-12-21 00:39:38,2022-12-21 00:39:38,0.130s,PASSED
"navigateToUrl(""https://tes-capstone-website.vercel.app/admin/login"")",Chrome 108.0.0.0,,,2022-12-21 00:39:38,2022-12-21 00:39:42,3.874s,PASSED
"setText(findTestObject(""Auth/Email""), ""admin@nyakit.in"")",Chrome 108.0.0.0,,,2022-12-21 00:39:42,2022-12-21 00:39:43,1.040s,PASSED
"setText(findTestObject(""Auth/Password""), ""@Password123"")",Chrome 108.0.0.0,,,2022-12-21 00:39:43,2022-12-21 00:39:44,1.036s,PASSED
"click(findTestObject(""Auth/LoginButton""))",Chrome 108.0.0.0,,,2022-12-21 00:39:44,2022-12-21 00:39:44,0.414s,PASSED
"click(findTestObject(""ManageTransaksi/ManageTransaksi""))",Chrome 108.0.0.0,,,2022-12-21 00:39:44,2022-12-21 00:39:47,3.137s,PASSED
"click(findTestObject(""ManageTransaksi/Option""))",Chrome 108.0.0.0,,,2022-12-21 00:39:47,2022-12-21 00:40:19,31.613s,FAILED
,,,,,,,
Test Cases/BD001_ViewManageProduct,Chrome 108.0.0.0,,,2022-12-21 00:40:19,2022-12-21 00:40:32,13.161s,PASSED
"openBrowser("""")",Chrome 108.0.0.0,,,2022-12-21 00:40:19,2022-12-21 00:40:21,1.732s,PASSED
maximizeWindow(),Chrome 108.0.0.0,,,2022-12-21 00:40:21,2022-12-21 00:40:21,0.124s,PASSED
"navigateToUrl(""https://tes-capstone-website.vercel.app/admin/login"")",Chrome 108.0.0.0,,,2022-12-21 00:40:21,2022-12-21 00:40:25,3.997s,PASSED
"setText(findTestObject(""Auth/Email""), ""admin@nyakit.in"")",Chrome 108.0.0.0,,,2022-12-21 00:40:25,2022-12-21 00:40:26,1.075s,PASSED
"setText(findTestObject(""Auth/Password""), ""@Password123"")",Chrome 108.0.0.0,,,2022-12-21 00:40:26,2022-12-21 00:40:27,0.988s,PASSED
"click(findTestObject(""Auth/LoginButton""))",Chrome 108.0.0.0,,,2022-12-21 00:40:27,2022-12-21 00:40:28,0.498s,PASSED
"click(findTestObject(""ManageProduct/Product""))",Chrome 108.0.0.0,,,2022-12-21 00:40:28,2022-12-21 00:40:31,2.988s,PASSED
"click(findTestObject(""ManageProduct/Daily""))",Chrome 108.0.0.0,,,2022-12-21 00:40:31,2022-12-21 00:40:32,0.694s,PASSED
closeBrowser(),Chrome 108.0.0.0,,,2022-12-21 00:40:32,2022-12-21 00:40:32,0.743s,PASSED
,,,,,,,
Test Cases/BD003_AddProductDaily,Chrome 108.0.0.0,,,2022-12-21 00:40:32,2022-12-21 00:40:53,20.276s,PASSED
"openBrowser("""")",Chrome 108.0.0.0,,,2022-12-21 00:40:33,2022-12-21 00:40:34,1.178s,PASSED
maximizeWindow(),Chrome 108.0.0.0,,,2022-12-21 00:40:34,2022-12-21 00:40:34,0.126s,PASSED
"navigateToUrl(""https://tes-capstone-website.vercel.app/admin/login"")",Chrome 108.0.0.0,,,2022-12-21 00:40:34,2022-12-21 00:40:37,3.432s,PASSED
"setText(findTestObject(""Auth/Email""), ""admin@nyakit.in"")",Chrome 108.0.0.0,,,2022-12-21 00:40:37,2022-12-21 00:40:38,0.871s,PASSED
"setText(findTestObject(""Auth/Password""), ""@Password123"")",Chrome 108.0.0.0,,,2022-12-21 00:40:38,2022-12-21 00:40:39,1.024s,PASSED
"click(findTestObject(""Auth/LoginButton""))",Chrome 108.0.0.0,,,2022-12-21 00:40:39,2022-12-21 00:40:40,0.605s,PASSED
"click(findTestObject(""ManageProduct/Product""))",Chrome 108.0.0.0,,,2022-12-21 00:40:40,2022-12-21 00:40:43,3.173s,PASSED
"click(findTestObject(""ManageProduct/Daily""))",Chrome 108.0.0.0,,,2022-12-21 00:40:43,2022-12-21 00:40:44,0.677s,PASSED
"click(findTestObject(""Daily/TambahProduk""))",Chrome 108.0.0.0,,,2022-12-21 00:40:44,2022-12-21 00:40:45,1.092s,PASSED
"setText(findTestObject(""Daily/Gambar""), ""Telkomsel"")",Chrome 108.0.0.0,,,2022-12-21 00:40:45,2022-12-21 00:40:46,1.187s,PASSED
"setText(findTestObject(""Daily/KodeProduk""), ""01telkomsel"")",Chrome 108.0.0.0,,,2022-12-21 00:40:46,2022-12-21 00:40:47,0.951s,PASSED
"setText(findTestObject(""Daily/Deskripsi""), ""pulsa 1000 Telkomsel"")",Chrome 108.0.0.0,,,2022-12-21 00:40:47,2022-12-21 00:40:48,0.842s,PASSED
"setText(findTestObject(""Daily/Nominal""), ""1000"")",Chrome 108.0.0.0,,,2022-12-21 00:40:48,2022-12-21 00:40:49,0.877s,PASSED
"selectOptionByValue(findTestObject(""Daily/PilihDisini""), ""pulsa"", true)",Chrome 108.0.0.0,,,2022-12-21 00:40:49,2022-12-21 00:40:50,1.330s,PASSED
"setText(findTestObject(""Daily/Harga""), ""1500"")",Chrome 108.0.0.0,,,2022-12-21 00:40:50,2022-12-21 00:40:51,0.892s,PASSED
"click(findTestObject(""Daily/Simpan""))",Chrome 108.0.0.0,,,2022-12-21 00:40:51,2022-12-21 00:40:51,0.437s,PASSED
"click(findTestObject(""Daily/Close""))",Chrome 108.0.0.0,,,2022-12-21 00:40:51,2022-12-21 00:40:52,0.613s,PASSED
closeBrowser(),Chrome 108.0.0.0,,,2022-12-21 00:40:52,2022-12-21 00:40:53,0.643s,PASSED
,,,,,,,
Test Cases/BD004_DailyWithoutGambar,Chrome 108.0.0.0,,,2022-12-21 00:40:53,2022-12-21 00:41:11,18.669s,PASSED
"openBrowser("""")",Chrome 108.0.0.0,,,2022-12-21 00:40:53,2022-12-21 00:40:54,1.096s,PASSED
maximizeWindow(),Chrome 108.0.0.0,,,2022-12-21 00:40:54,2022-12-21 00:40:54,0.121s,PASSED
"navigateToUrl(""https://tes-capstone-website.vercel.app/admin/login"")",Chrome 108.0.0.0,,,2022-12-21 00:40:54,2022-12-21 00:40:57,3.467s,PASSED
"setText(findTestObject(""Auth/Email""), ""admin@nyakit.in"")",Chrome 108.0.0.0,,,2022-12-21 00:40:57,2022-12-21 00:40:58,0.884s,PASSED
"setText(findTestObject(""Auth/Password""), ""@Password123"")",Chrome 108.0.0.0,,,2022-12-21 00:40:58,2022-12-21 00:40:59,0.950s,PASSED
"click(findTestObject(""Auth/LoginButton""))",Chrome 108.0.0.0,,,2022-12-21 00:40:59,2022-12-21 00:41:00,0.411s,PASSED
"click(findTestObject(""ManageProduct/Product""))",Chrome 108.0.0.0,,,2022-12-21 00:41:00,2022-12-21 00:41:03,3.169s,PASSED
"click(findTestObject(""ManageProduct/Daily""))",Chrome 108.0.0.0,,,2022-12-21 00:41:03,2022-12-21 00:41:04,0.778s,PASSED
"click(findTestObject(""Daily/TambahProduk""))",Chrome 108.0.0.0,,,2022-12-21 00:41:04,2022-12-21 00:41:05,1.088s,PASSED
"setText(findTestObject(""Daily/KodeProduk""), ""01telkomsel"")",Chrome 108.0.0.0,,,2022-12-21 00:41:05,2022-12-21 00:41:06,1.042s,PASSED
"setText(findTestObject(""Daily/Deskripsi""), ""pulsa 1000 Telkomsel"")",Chrome 108.0.0.0,,,2022-12-21 00:41:06,2022-12-21 00:41:07,1.041s,PASSED
"setText(findTestObject(""Daily/Nominal""), ""1000"")",Chrome 108.0.0.0,,,2022-12-21 00:41:07,2022-12-21 00:41:08,0.891s,PASSED
"selectOptionByValue(findTestObject(""Daily/PilihDisini""), ""pulsa"", true)",Chrome 108.0.0.0,,,2022-12-21 00:41:08,2022-12-21 00:41:09,1.451s,PASSED
"setText(findTestObject(""Daily/Harga""), ""1500"")",Chrome 108.0.0.0,,,2022-12-21 00:41:09,2022-12-21 00:41:10,0.869s,PASSED
"click(findTestObject(""Daily/Simpan""))",Chrome 108.0.0.0,,,2022-12-21 00:41:10,2022-12-21 00:41:11,0.530s,PASSED
closeBrowser(),Chrome 108.0.0.0,,,2022-12-21 00:41:11,2022-12-21 00:41:11,0.636s,PASSED
,,,,,,,
Test Cases/BD005_DailyWithoutKodeProduk,Chrome 108.0.0.0,,,2022-12-21 00:41:11,2022-12-21 00:41:31,19.705s,PASSED
"openBrowser("""")",Chrome 108.0.0.0,,,2022-12-21 00:41:12,2022-12-21 00:41:13,1.280s,PASSED
maximizeWindow(),Chrome 108.0.0.0,,,2022-12-21 00:41:13,2022-12-21 00:41:13,0.127s,PASSED
"navigateToUrl(""https://tes-capstone-website.vercel.app/admin/login"")",Chrome 108.0.0.0,,,2022-12-21 00:41:13,2022-12-21 00:41:17,3.891s,PASSED
"setText(findTestObject(""Auth/Email""), ""admin@nyakit.in"")",Chrome 108.0.0.0,,,2022-12-21 00:41:17,2022-12-21 00:41:18,1.110s,PASSED
"setText(findTestObject(""Auth/Password""), ""@Password123"")",Chrome 108.0.0.0,,,2022-12-21 00:41:18,2022-12-21 00:41:19,1.064s,PASSED
"click(findTestObject(""Auth/LoginButton""))",Chrome 108.0.0.0,,,2022-12-21 00:41:19,2022-12-21 00:41:20,0.555s,PASSED
"click(findTestObject(""ManageProduct/Product""))",Chrome 108.0.0.0,,,2022-12-21 00:41:20,2022-12-21 00:41:23,3.153s,PASSED
"click(findTestObject(""ManageProduct/Daily""))",Chrome 108.0.0.0,,,2022-12-21 00:41:23,2022-12-21 00:41:23,0.664s,PASSED
"click(findTestObject(""Daily/TambahProduk""))",Chrome 108.0.0.0,,,2022-12-21 00:41:23,2022-12-21 00:41:24,1.029s,PASSED
"setText(findTestObject(""Daily/Gambar""), ""Telkomsel"")",Chrome 108.0.0.0,,,2022-12-21 00:41:24,2022-12-21 00:41:26,1.229s,PASSED
"setText(findTestObject(""Daily/Deskripsi""), ""pulsa 1000 Telkomsel"")",Chrome 108.0.0.0,,,2022-12-21 00:41:26,2022-12-21 00:41:27,1.018s,PASSED
"setText(findTestObject(""Daily/Nominal""), ""1000"")",Chrome 108.0.0.0,,,2022-12-21 00:41:27,2022-12-21 00:41:28,0.869s,PASSED
"selectOptionByValue(findTestObject(""Daily/PilihDisini""), ""pulsa"", true)",Chrome 108.0.0.0,,,2022-12-21 00:41:28,2022-12-21 00:41:29,1.370s,PASSED
"setText(findTestObject(""Daily/Harga""), ""1500"")",Chrome 108.0.0.0,,,2022-12-21 00:41:29,2022-12-21 00:41:30,0.935s,PASSED
"click(findTestObject(""Daily/Simpan""))",Chrome 108.0.0.0,,,2022-12-21 00:41:30,2022-12-21 00:41:30,0.444s,PASSED
closeBrowser(),Chrome 108.0.0.0,,,2022-12-21 00:41:30,2022-12-21 00:41:31,0.655s,PASSED
,,,,,,,
Test Cases/BD006_DailyWithoutDeskripsi,Chrome 108.0.0.0,,,2022-12-21 00:41:31,2022-12-21 00:41:50,19.048s,PASSED
"openBrowser("""")",Chrome 108.0.0.0,,,2022-12-21 00:41:31,2022-12-21 00:41:33,1.381s,PASSED
maximizeWindow(),Chrome 108.0.0.0,,,2022-12-21 00:41:33,2022-12-21 00:41:33,0.126s,PASSED
"navigateToUrl(""https://tes-capstone-website.vercel.app/admin/login"")",Chrome 108.0.0.0,,,2022-12-21 00:41:33,2022-12-21 00:41:37,3.879s,PASSED
"setText(findTestObject(""Auth/Email""), ""admin@nyakit.in"")",Chrome 108.0.0.0,,,2022-12-21 00:41:37,2022-12-21 00:41:38,0.910s,PASSED
"setText(findTestObject(""Auth/Password""), ""@Password123"")",Chrome 108.0.0.0,,,2022-12-21 00:41:38,2022-12-21 00:41:38,0.816s,PASSED
"click(findTestObject(""Auth/LoginButton""))",Chrome 108.0.0.0,,,2022-12-21 00:41:38,2022-12-21 00:41:39,0.463s,PASSED
"click(findTestObject(""ManageProduct/Product""))",Chrome 108.0.0.0,,,2022-12-21 00:41:39,2022-12-21 00:41:42,3.302s,PASSED
"click(findTestObject(""ManageProduct/Daily""))",Chrome 108.0.0.0,,,2022-12-21 00:41:42,2022-12-21 00:41:43,0.720s,PASSED
"click(findTestObject(""Daily/TambahProduk""))",Chrome 108.0.0.0,,,2022-12-21 00:41:43,2022-12-21 00:41:44,1.074s,PASSED
"setText(findTestObject(""Daily/Gambar""), ""Telkomsel"")",Chrome 108.0.0.0,,,2022-12-21 00:41:44,2022-12-21 00:41:45,1.060s,PASSED
"setText(findTestObject(""Daily/KodeProduk""), ""01telkomsel"")",Chrome 108.0.0.0,,,2022-12-21 00:41:45,2022-12-21 00:41:46,0.839s,PASSED
"setText(findTestObject(""Daily/Nominal""), ""1000"")",Chrome 108.0.0.0,,,2022-12-21 00:41:46,2022-12-21 00:41:47,0.955s,PASSED
"selectOptionByValue(findTestObject(""Daily/PilihDisini""), ""pulsa"", true)",Chrome 108.0.0.0,,,2022-12-21 00:41:47,2022-12-21 00:41:48,1.317s,PASSED
"setText(findTestObject(""Daily/Harga""), ""1500"")",Chrome 108.0.0.0,,,2022-12-21 00:41:48,2022-12-21 00:41:49,0.812s,PASSED
"click(findTestObject(""Daily/Simpan""))",Chrome 108.0.0.0,,,2022-12-21 00:41:49,2022-12-21 00:41:49,0.449s,PASSED
closeBrowser(),Chrome 108.0.0.0,,,2022-12-21 00:41:49,2022-12-21 00:41:50,0.627s,PASSED
,,,,,,,
Test Cases/BD007_DailyWithoutNominal,Chrome 108.0.0.0,,,2022-12-21 00:41:50,2022-12-21 00:42:09,18.704s,PASSED
"openBrowser("""")",Chrome 108.0.0.0,,,2022-12-21 00:41:50,2022-12-21 00:41:52,1.442s,PASSED
maximizeWindow(),Chrome 108.0.0.0,,,2022-12-21 00:41:52,2022-12-21 00:41:52,0.134s,PASSED
"navigateToUrl(""https://tes-capstone-website.vercel.app/admin/login"")",Chrome 108.0.0.0,,,2022-12-21 00:41:52,2022-12-21 00:41:55,3.445s,PASSED
"setText(findTestObject(""Auth/Email""), ""admin@nyakit.in"")",Chrome 108.0.0.0,,,2022-12-21 00:41:55,2022-12-21 00:41:56,1.042s,PASSED
"setText(findTestObject(""Auth/Password""), ""@Password123"")",Chrome 108.0.0.0,,,2022-12-21 00:41:56,2022-12-21 00:41:57,1.021s,PASSED
"click(findTestObject(""Auth/LoginButton""))",Chrome 108.0.0.0,,,2022-12-21 00:41:57,2022-12-21 00:41:58,0.510s,PASSED
"click(findTestObject(""ManageProduct/Product""))",Chrome 108.0.0.0,,,2022-12-21 00:41:58,2022-12-21 00:42:01,2.980s,PASSED
"click(findTestObject(""ManageProduct/Daily""))",Chrome 108.0.0.0,,,2022-12-21 00:42:01,2022-12-21 00:42:01,0.611s,PASSED
"click(findTestObject(""Daily/TambahProduk""))",Chrome 108.0.0.0,,,2022-12-21 00:42:01,2022-12-21 00:42:02,1.029s,PASSED
"setText(findTestObject(""Daily/Gambar""), ""Telkomsel"")",Chrome 108.0.0.0,,,2022-12-21 00:42:02,2022-12-21 00:42:04,1.098s,PASSED
"setText(findTestObject(""Daily/KodeProduk""), ""01telkomsel"")",Chrome 108.0.0.0,,,2022-12-21 00:42:04,2022-12-21 00:42:05,1.019s,PASSED
"setText(findTestObject(""Daily/Deskripsi""), ""pulsa 1000 Telkomsel"")",Chrome 108.0.0.0,,,2022-12-21 00:42:05,2022-12-21 00:42:05,0.824s,PASSED
"selectOptionByValue(findTestObject(""Daily/PilihDisini""), ""pulsa"", true)",Chrome 108.0.0.0,,,2022-12-21 00:42:05,2022-12-21 00:42:07,1.219s,PASSED
"setText(findTestObject(""Daily/Harga""), ""1500"")",Chrome 108.0.0.0,,,2022-12-21 00:42:07,2022-12-21 00:42:08,0.883s,PASSED
"click(findTestObject(""Daily/Simpan""))",Chrome 108.0.0.0,,,2022-12-21 00:42:08,2022-12-21 00:42:08,0.455s,PASSED
closeBrowser(),Chrome 108.0.0.0,,,2022-12-21 00:42:08,2022-12-21 00:42:09,0.700s,PASSED
,,,,,,,
Test Cases/BD008_DailyWithoutKategori,Chrome 108.0.0.0,,,2022-12-21 00:42:09,2022-12-21 00:42:29,20.112s,PASSED
"openBrowser("""")",Chrome 108.0.0.0,,,2022-12-21 00:42:09,2022-12-21 00:42:11,1.740s,PASSED
maximizeWindow(),Chrome 108.0.0.0,,,2022-12-21 00:42:11,2022-12-21 00:42:11,0.206s,PASSED
"navigateToUrl(""https://tes-capstone-website.vercel.app/admin/login"")",Chrome 108.0.0.0,,,2022-12-21 00:42:11,2022-12-21 00:42:15,3.691s,PASSED
"setText(findTestObject(""Auth/Email""), ""admin@nyakit.in"")",Chrome 108.0.0.0,,,2022-12-21 00:42:15,2022-12-21 00:42:16,1.024s,PASSED
"setText(findTestObject(""Auth/Password""), ""@Password123"")",Chrome 108.0.0.0,,,2022-12-21 00:42:16,2022-12-21 00:42:17,1.019s,PASSED
"click(findTestObject(""Auth/LoginButton""))",Chrome 108.0.0.0,,,2022-12-21 00:42:17,2022-12-21 00:42:17,0.381s,PASSED
"click(findTestObject(""ManageProduct/Product""))",Chrome 108.0.0.0,,,2022-12-21 00:42:17,2022-12-21 00:42:21,3.374s,PASSED
"click(findTestObject(""ManageProduct/Daily""))",Chrome 108.0.0.0,,,2022-12-21 00:42:21,2022-12-21 00:42:22,0.885s,PASSED
"click(findTestObject(""Daily/TambahProduk""))",Chrome 108.0.0.0,,,2022-12-21 00:42:22,2022-12-21 00:42:23,1.188s,PASSED
"setText(findTestObject(""Daily/Gambar""), ""Telkomsel"")",Chrome 108.0.0.0,,,2022-12-21 00:42:23,2022-12-21 00:42:24,1.084s,PASSED
"setText(findTestObject(""Daily/KodeProduk""), ""01telkomsel"")",Chrome 108.0.0.0,,,2022-12-21 00:42:24,2022-12-21 00:42:25,0.775s,PASSED
"setText(findTestObject(""Daily/Deskripsi""), ""pulsa 1000 Telkomsel"")",Chrome 108.0.0.0,,,2022-12-21 00:42:25,2022-12-21 00:42:26,0.947s,PASSED
"setText(findTestObject(""Daily/Nominal""), ""1000"")",Chrome 108.0.0.0,,,2022-12-21 00:42:26,2022-12-21 00:42:27,1.060s,PASSED
"setText(findTestObject(""Daily/Harga""), ""1500"")",Chrome 108.0.0.0,,,2022-12-21 00:42:27,2022-12-21 00:42:27,0.856s,PASSED
"click(findTestObject(""Daily/Simpan""))",Chrome 108.0.0.0,,,2022-12-21 00:42:27,2022-12-21 00:42:28,0.621s,PASSED
closeBrowser(),Chrome 108.0.0.0,,,2022-12-21 00:42:28,2022-12-21 00:42:29,0.686s,PASSED
,,,,,,,
Test Cases/BD009_DailyWithoutHarga,Chrome 108.0.0.0,,,2022-12-21 00:42:29,2022-12-21 00:42:48,19.364s,PASSED
"openBrowser("""")",Chrome 108.0.0.0,,,2022-12-21 00:42:29,2022-12-21 00:42:30,1.267s,PASSED
maximizeWindow(),Chrome 108.0.0.0,,,2022-12-21 00:42:30,2022-12-21 00:42:31,0.177s,PASSED
"navigateToUrl(""https://tes-capstone-website.vercel.app/admin/login"")",Chrome 108.0.0.0,,,2022-12-21 00:42:31,2022-12-21 00:42:34,3.552s,PASSED
"setText(findTestObject(""Auth/Email""), ""admin@nyakit.in"")",Chrome 108.0.0.0,,,2022-12-21 00:42:34,2022-12-21 00:42:35,0.957s,PASSED
"setText(findTestObject(""Auth/Password""), ""@Password123"")",Chrome 108.0.0.0,,,2022-12-21 00:42:35,2022-12-21 00:42:36,1.084s,PASSED
"click(findTestObject(""Auth/LoginButton""))",Chrome 108.0.0.0,,,2022-12-21 00:42:36,2022-12-21 00:42:37,0.416s,PASSED
"click(findTestObject(""ManageProduct/Product""))",Chrome 108.0.0.0,,,2022-12-21 00:42:37,2022-12-21 00:42:40,3.396s,PASSED
"click(findTestObject(""ManageProduct/Daily""))",Chrome 108.0.0.0,,,2022-12-21 00:42:40,2022-12-21 00:42:41,0.705s,PASSED
"click(findTestObject(""Daily/TambahProduk""))",Chrome 108.0.0.0,,,2022-12-21 00:42:41,2022-12-21 00:42:42,1.031s,PASSED
"setText(findTestObject(""Daily/Gambar""), ""Telkomsel"")",Chrome 108.0.0.0,,,2022-12-21 00:42:42,2022-12-21 00:42:43,1.136s,PASSED
"setText(findTestObject(""Daily/KodeProduk""), ""01telkomsel"")",Chrome 108.0.0.0,,,2022-12-21 00:42:43,2022-12-21 00:42:44,1.079s,PASSED
"setText(findTestObject(""Daily/Deskripsi""), ""pulsa 1000 Telkomsel"")",Chrome 108.0.0.0,,,2022-12-21 00:42:44,2022-12-21 00:42:45,1.055s,PASSED
"setText(findTestObject(""Daily/Nominal""), ""1000"")",Chrome 108.0.0.0,,,2022-12-21 00:42:45,2022-12-21 00:42:46,0.847s,PASSED
"selectOptionByValue(findTestObject(""Daily/PilihDisini""), ""pulsa"", true)",Chrome 108.0.0.0,,,2022-12-21 00:42:46,2022-12-21 00:42:47,1.276s,PASSED
"click(findTestObject(""Daily/Simpan""))",Chrome 108.0.0.0,,,2022-12-21 00:42:47,2022-12-21 00:42:48,0.438s,PASSED
closeBrowser(),Chrome 108.0.0.0,,,2022-12-21 00:42:48,2022-12-21 00:42:48,0.640s,PASSED
,,,,,,,
Test Cases/BD010_SearchDaily,Chrome 108.0.0.0,,,2022-12-21 00:42:48,2022-12-21 00:43:02,13.929s,PASSED
"openBrowser("""")",Chrome 108.0.0.0,,,2022-12-21 00:42:48,2022-12-21 00:42:50,1.195s,PASSED
maximizeWindow(),Chrome 108.0.0.0,,,2022-12-21 00:42:50,2022-12-21 00:42:50,0.126s,PASSED
"navigateToUrl(""https://tes-capstone-website.vercel.app/admin/login"")",Chrome 108.0.0.0,,,2022-12-21 00:42:50,2022-12-21 00:42:54,3.970s,PASSED
"setText(findTestObject(""Auth/Email""), ""admin@nyakit.in"")",Chrome 108.0.0.0,,,2022-12-21 00:42:54,2022-12-21 00:42:55,0.984s,PASSED
"setText(findTestObject(""Auth/Password""), ""@Password123"")",Chrome 108.0.0.0,,,2022-12-21 00:42:55,2022-12-21 00:42:56,0.989s,PASSED
"click(findTestObject(""Auth/LoginButton""))",Chrome 108.0.0.0,,,2022-12-21 00:42:56,2022-12-21 00:42:56,0.504s,PASSED
"click(findTestObject(""ManageProduct/Product""))",Chrome 108.0.0.0,,,2022-12-21 00:42:56,2022-12-21 00:42:59,3.042s,PASSED
"click(findTestObject(""ManageProduct/Daily""))",Chrome 108.0.0.0,,,2022-12-21 00:42:59,2022-12-21 00:43:00,0.741s,PASSED
"setText(findTestObject(""Daily/Search""), ""xl"")",Chrome 108.0.0.0,,,2022-12-21 00:43:00,2022-12-21 00:43:01,1.370s,PASSED
closeBrowser(),Chrome 108.0.0.0,,,2022-12-21 00:43:01,2022-12-21 00:43:02,0.754s,PASSED
,,,,,,,
Test Cases/BD012_ViewProductBills,Chrome 108.0.0.0,,,2022-12-21 00:43:02,2022-12-21 00:43:16,14.101s,PASSED
"openBrowser("""")",Chrome 108.0.0.0,,,2022-12-21 00:43:03,2022-12-21 00:43:04,1.360s,PASSED
maximizeWindow(),Chrome 108.0.0.0,,,2022-12-21 00:43:04,2022-12-21 00:43:04,0.131s,PASSED
"navigateToUrl(""https://tes-capstone-website.vercel.app/admin/login"")",Chrome 108.0.0.0,,,2022-12-21 00:43:04,2022-12-21 00:43:08,3.686s,PASSED
"setText(findTestObject(""Auth/Email""), ""admin@nyakit.in"")",Chrome 108.0.0.0,,,2022-12-21 00:43:08,2022-12-21 00:43:09,0.994s,PASSED
"setText(findTestObject(""Auth/Password""), ""@Password123"")",Chrome 108.0.0.0,,,2022-12-21 00:43:09,2022-12-21 00:43:10,0.919s,PASSED
"click(findTestObject(""Auth/LoginButton""))",Chrome 108.0.0.0,,,2022-12-21 00:43:10,2022-12-21 00:43:10,0.365s,PASSED
"click(findTestObject(""ManageProduct/Product""))",Chrome 108.0.0.0,,,2022-12-21 00:43:10,2022-12-21 00:43:13,3.114s,PASSED
"click(findTestObject(""ManageProduct/Bills""))",Chrome 108.0.0.0,,,2022-12-21 00:43:13,2022-12-21 00:43:15,1.374s,PASSED
closeBrowser(),Chrome 108.0.0.0,,,2022-12-21 00:43:15,2022-12-21 00:43:16,1.636s,PASSED
,,,,,,,
Test Cases/BD014_AddProductBills,Chrome 108.0.0.0,,,2022-12-21 00:43:16,2022-12-21 00:44:15,58.908s,PASSED
"openBrowser("""")",Chrome 108.0.0.0,,,2022-12-21 00:43:17,2022-12-21 00:43:18,1.490s,PASSED
maximizeWindow(),Chrome 108.0.0.0,,,2022-12-21 00:43:18,2022-12-21 00:43:18,0.128s,PASSED
"navigateToUrl(""https://tes-capstone-website.vercel.app/admin/login"")",Chrome 108.0.0.0,,,2022-12-21 00:43:18,2022-12-21 00:43:58,40.008s,PASSED
"setText(findTestObject(""Auth/Email""), ""admin@nyakit.in"")",Chrome 108.0.0.0,,,2022-12-21 00:43:58,2022-12-21 00:43:59,0.974s,PASSED
"setText(findTestObject(""Auth/Password""), ""@Password123"")",Chrome 108.0.0.0,,,2022-12-21 00:43:59,2022-12-21 00:44:00,0.832s,PASSED
"click(findTestObject(""Auth/LoginButton""))",Chrome 108.0.0.0,,,2022-12-21 00:44:00,2022-12-21 00:44:01,0.620s,PASSED
"click(findTestObject(""ManageProduct/Product""))",Chrome 108.0.0.0,,,2022-12-21 00:44:01,2022-12-21 00:44:04,3.368s,PASSED
"click(findTestObject(""ManageProduct/Bills""))",Chrome 108.0.0.0,,,2022-12-21 00:44:04,2022-12-21 00:44:06,1.481s,PASSED
"click(findTestObject(""Daily/TambahProduk""))",Chrome 108.0.0.0,,,2022-12-21 00:44:06,2022-12-21 00:44:07,0.975s,PASSED
"setText(findTestObject(""Daily/Gambar""), ""Alterra"")",Chrome 108.0.0.0,,,2022-12-21 00:44:07,2022-12-21 00:44:08,1.045s,PASSED
"setText(findTestObject(""Daily/KodeProduk""), ""01alterra"")",Chrome 108.0.0.0,,,2022-12-21 00:44:08,2022-12-21 00:44:08,0.817s,PASSED
"setText(findTestObject(""Daily/Deskripsi""), ""Bootcamp QE"")",Chrome 108.0.0.0,,,2022-12-21 00:44:08,2022-12-21 00:44:09,0.897s,PASSED
"setText(findTestObject(""Daily/Nominal""), ""1000000"")",Chrome 108.0.0.0,,,2022-12-21 00:44:09,2022-12-21 00:44:10,1.020s,PASSED
"selectOptionByValue(findTestObject(""Daily/PilihDisini""), ""Pendidikan"", true)",Chrome 108.0.0.0,,,2022-12-21 00:44:10,2022-12-21 00:44:12,1.287s,PASSED
"setText(findTestObject(""Daily/Harga""), ""1000000"")",Chrome 108.0.0.0,,,2022-12-21 00:44:12,2022-12-21 00:44:13,0.965s,PASSED
"click(findTestObject(""Daily/Simpan""))",Chrome 108.0.0.0,,,2022-12-21 00:44:13,2022-12-21 00:44:13,0.528s,PASSED
"click(findTestObject(""Daily/Close""))",Chrome 108.0.0.0,,,2022-12-21 00:44:13,2022-12-21 00:44:14,1.353s,PASSED
closeBrowser(),Chrome 108.0.0.0,,,2022-12-21 00:44:14,2022-12-21 00:44:15,0.622s,PASSED
,,,,,,,
Test Cases/BD015_BillsWithoutGambar,Chrome 108.0.0.0,,,2022-12-21 00:44:15,2022-12-21 00:44:37,21.859s,PASSED
"openBrowser("""")",Chrome 108.0.0.0,,,2022-12-21 00:44:16,2022-12-21 00:44:17,1.324s,PASSED
maximizeWindow(),Chrome 108.0.0.0,,,2022-12-21 00:44:17,2022-12-21 00:44:17,0.134s,PASSED
"navigateToUrl(""https://tes-capstone-website.vercel.app/admin/login"")",Chrome 108.0.0.0,,,2022-12-21 00:44:17,2022-12-21 00:44:24,6.967s,PASSED
"setText(findTestObject(""Auth/Email""), ""admin@nyakit.in"")",Chrome 108.0.0.0,,,2022-12-21 00:44:24,2022-12-21 00:44:25,0.941s,PASSED
"setText(findTestObject(""Auth/Password""), ""@Password123"")",Chrome 108.0.0.0,,,2022-12-21 00:44:25,2022-12-21 00:44:26,0.900s,PASSED
"click(findTestObject(""Auth/LoginButton""))",Chrome 108.0.0.0,,,2022-12-21 00:44:26,2022-12-21 00:44:26,0.405s,PASSED
"click(findTestObject(""ManageProduct/Product""))",Chrome 108.0.0.0,,,2022-12-21 00:44:26,2022-12-21 00:44:29,3.055s,PASSED
"click(findTestObject(""ManageProduct/Bills""))",Chrome 108.0.0.0,,,2022-12-21 00:44:29,2022-12-21 00:44:30,0.571s,PASSED
"click(findTestObject(""Daily/TambahProduk""))",Chrome 108.0.0.0,,,2022-12-21 00:44:30,2022-12-21 00:44:31,1.076s,PASSED
"setText(findTestObject(""Daily/KodeProduk""), ""01alterra"")",Chrome 108.0.0.0,,,2022-12-21 00:44:31,2022-12-21 00:44:32,1.157s,PASSED
"setText(findTestObject(""Daily/Deskripsi""), ""Bootcamp QE"")",Chrome 108.0.0.0,,,2022-12-21 00:44:32,2022-12-21 00:44:33,0.939s,PASSED
"setText(findTestObject(""Daily/Nominal""), ""1000000"")",Chrome 108.0.0.0,,,2022-12-21 00:44:33,2022-12-21 00:44:34,0.815s,PASSED
"selectOptionByValue(findTestObject(""Daily/PilihDisini""), ""Pendidikan"", true)",Chrome 108.0.0.0,,,2022-12-21 00:44:34,2022-12-21 00:44:35,1.249s,PASSED
"setText(findTestObject(""Daily/Harga""), ""1000000"")",Chrome 108.0.0.0,,,2022-12-21 00:44:35,2022-12-21 00:44:36,0.777s,PASSED
"click(findTestObject(""Daily/Simpan""))",Chrome 108.0.0.0,,,2022-12-21 00:44:36,2022-12-21 00:44:36,0.506s,PASSED
closeBrowser(),Chrome 108.0.0.0,,,2022-12-21 00:44:36,2022-12-21 00:44:37,0.621s,PASSED
,,,,,,,
Test Cases/BD016_BillsWithoutKodeProduk,Chrome 108.0.0.0,,,2022-12-21 00:44:37,2022-12-21 00:44:56,18.951s,PASSED
"openBrowser("""")",Chrome 108.0.0.0,,,2022-12-21 00:44:37,2022-12-21 00:44:39,1.303s,PASSED
maximizeWindow(),Chrome 108.0.0.0,,,2022-12-21 00:44:39,2022-12-21 00:44:39,0.124s,PASSED
"navigateToUrl(""https://tes-capstone-website.vercel.app/admin/login"")",Chrome 108.0.0.0,,,2022-12-21 00:44:39,2022-12-21 00:44:43,4.056s,PASSED
"setText(findTestObject(""Auth/Email""), ""admin@nyakit.in"")",Chrome 108.0.0.0,,,2022-12-21 00:44:43,2022-12-21 00:44:44,0.846s,PASSED
"setText(findTestObject(""Auth/Password""), ""@Password123"")",Chrome 108.0.0.0,,,2022-12-21 00:44:44,2022-12-21 00:44:44,0.798s,PASSED
"click(findTestObject(""Auth/LoginButton""))",Chrome 108.0.0.0,,,2022-12-21 00:44:44,2022-12-21 00:44:45,0.505s,PASSED
"click(findTestObject(""ManageProduct/Product""))",Chrome 108.0.0.0,,,2022-12-21 00:44:45,2022-12-21 00:44:48,3.034s,PASSED
"click(findTestObject(""ManageProduct/Bills""))",Chrome 108.0.0.0,,,2022-12-21 00:44:48,2022-12-21 00:44:48,0.567s,PASSED
"click(findTestObject(""Daily/TambahProduk""))",Chrome 108.0.0.0,,,2022-12-21 00:44:48,2022-12-21 00:44:50,1.085s,PASSED
"setText(findTestObject(""Daily/Gambar""), ""Alterra"")",Chrome 108.0.0.0,,,2022-12-21 00:44:50,2022-12-21 00:44:51,1.145s,PASSED
"setText(findTestObject(""Daily/Deskripsi""), ""Bootcamp QE"")",Chrome 108.0.0.0,,,2022-12-21 00:44:51,2022-12-21 00:44:52,0.926s,PASSED
"setText(findTestObject(""Daily/Nominal""), ""1000000"")",Chrome 108.0.0.0,,,2022-12-21 00:44:52,2022-12-21 00:44:53,1.017s,PASSED
"selectOptionByValue(findTestObject(""Daily/PilihDisini""), ""Pendidikan"", true)",Chrome 108.0.0.0,,,2022-12-21 00:44:53,2022-12-21 00:44:54,1.248s,PASSED
"setText(findTestObject(""Daily/Harga""), ""1000000"")",Chrome 108.0.0.0,,,2022-12-21 00:44:54,2022-12-21 00:44:55,0.895s,PASSED
"click(findTestObject(""Daily/Simpan""))",Chrome 108.0.0.0,,,2022-12-21 00:44:55,2022-12-21 00:44:55,0.517s,PASSED
closeBrowser(),Chrome 108.0.0.0,,,2022-12-21 00:44:55,2022-12-21 00:44:56,0.644s,PASSED
,,,,,,,
Test Cases/BD017_BillsWihoutDeskripsi,Chrome 108.0.0.0,,,2022-12-21 00:44:56,2022-12-21 00:45:15,19.266s,PASSED
"openBrowser("""")",Chrome 108.0.0.0,,,2022-12-21 00:44:56,2022-12-21 00:44:57,1.157s,PASSED
maximizeWindow(),Chrome 108.0.0.0,,,2022-12-21 00:44:57,2022-12-21 00:44:57,0.120s,PASSED
"navigateToUrl(""https://tes-capstone-website.vercel.app/admin/login"")",Chrome 108.0.0.0,,,2022-12-21 00:44:57,2022-12-21 00:45:01,3.444s,PASSED
"setText(findTestObject(""Auth/Email""), ""admin@nyakit.in"")",Chrome 108.0.0.0,,,2022-12-21 00:45:01,2022-12-21 00:45:02,1.098s,PASSED
"setText(findTestObject(""Auth/Password""), ""@Password123"")",Chrome 108.0.0.0,,,2022-12-21 00:45:02,2022-12-21 00:45:03,1.048s,PASSED
"click(findTestObject(""Auth/LoginButton""))",Chrome 108.0.0.0,,,2022-12-21 00:45:03,2022-12-21 00:45:04,0.538s,PASSED
"click(findTestObject(""ManageProduct/Product""))",Chrome 108.0.0.0,,,2022-12-21 00:45:04,2022-12-21 00:45:07,3.184s,PASSED
"click(findTestObject(""ManageProduct/Bills""))",Chrome 108.0.0.0,,,2022-12-21 00:45:07,2022-12-21 00:45:08,0.741s,PASSED
"click(findTestObject(""Daily/TambahProduk""))",Chrome 108.0.0.0,,,2022-12-21 00:45:08,2022-12-21 00:45:09,1.026s,PASSED
"setText(findTestObject(""Daily/Gambar""), ""Alterra"")",Chrome 108.0.0.0,,,2022-12-21 00:45:09,2022-12-21 00:45:10,1.211s,PASSED
"setText(findTestObject(""Daily/KodeProduk""), ""01alterra"")",Chrome 108.0.0.0,,,2022-12-21 00:45:10,2022-12-21 00:45:11,0.915s,PASSED
"setText(findTestObject(""Daily/Nominal""), ""1000000"")",Chrome 108.0.0.0,,,2022-12-21 00:45:11,2022-12-21 00:45:12,1.005s,PASSED
"selectOptionByValue(findTestObject(""Daily/PilihDisini""), ""Pendidikan"", true)",Chrome 108.0.0.0,,,2022-12-21 00:45:12,2022-12-21 00:45:13,1.352s,PASSED
"setText(findTestObject(""Daily/Harga""), ""1000000"")",Chrome 108.0.0.0,,,2022-12-21 00:45:13,2022-12-21 00:45:14,0.882s,PASSED
"click(findTestObject(""Daily/Simpan""))",Chrome 108.0.0.0,,,2022-12-21 00:45:14,2022-12-21 00:45:14,0.565s,PASSED
closeBrowser(),Chrome 108.0.0.0,,,2022-12-21 00:45:14,2022-12-21 00:45:15,0.742s,PASSED
,,,,,,,
Test Cases/BD018_BillsWihoutNominal,Chrome 108.0.0.0,,,2022-12-21 00:45:15,2022-12-21 00:45:36,20.285s,PASSED
"openBrowser("""")",Chrome 108.0.0.0,,,2022-12-21 00:45:16,2022-12-21 00:45:17,1.639s,PASSED
maximizeWindow(),Chrome 108.0.0.0,,,2022-12-21 00:45:17,2022-12-21 00:45:17,0.158s,PASSED
"navigateToUrl(""https://tes-capstone-website.vercel.app/admin/login"")",Chrome 108.0.0.0,,,2022-12-21 00:45:17,2022-12-21 00:45:21,3.734s,PASSED
"setText(findTestObject(""Auth/Email""), ""admin@nyakit.in"")",Chrome 108.0.0.0,,,2022-12-21 00:45:21,2022-12-21 00:45:22,1.156s,PASSED
"setText(findTestObject(""Auth/Password""), ""@Password123"")",Chrome 108.0.0.0,,,2022-12-21 00:45:22,2022-12-21 00:45:23,0.974s,PASSED
"click(findTestObject(""Auth/LoginButton""))",Chrome 108.0.0.0,,,2022-12-21 00:45:23,2022-12-21 00:45:24,0.453s,PASSED
"click(findTestObject(""ManageProduct/Product""))",Chrome 108.0.0.0,,,2022-12-21 00:45:24,2022-12-21 00:45:27,3.099s,PASSED
"click(findTestObject(""ManageProduct/Bills""))",Chrome 108.0.0.0,,,2022-12-21 00:45:27,2022-12-21 00:45:28,0.710s,PASSED
"click(findTestObject(""Daily/TambahProduk""))",Chrome 108.0.0.0,,,2022-12-21 00:45:28,2022-12-21 00:45:29,0.998s,PASSED
"setText(findTestObject(""Daily/Gambar""), ""Alterra"")",Chrome 108.0.0.0,,,2022-12-21 00:45:29,2022-12-21 00:45:30,1.547s,PASSED
"setText(findTestObject(""Daily/KodeProduk""), ""01alterra"")",Chrome 108.0.0.0,,,2022-12-21 00:45:30,2022-12-21 00:45:31,1.099s,PASSED
"setText(findTestObject(""Daily/Deskripsi""), ""Bootcamp QE"")",Chrome 108.0.0.0,,,2022-12-21 00:45:31,2022-12-21 00:45:32,0.878s,PASSED
"selectOptionByValue(findTestObject(""Daily/PilihDisini""), ""Pendidikan"", true)",Chrome 108.0.0.0,,,2022-12-21 00:45:32,2022-12-21 00:45:33,1.307s,PASSED
"setText(findTestObject(""Daily/Harga""), ""1000000"")",Chrome 108.0.0.0,,,2022-12-21 00:45:33,2022-12-21 00:45:34,0.933s,PASSED
"click(findTestObject(""Daily/Simpan""))",Chrome 108.0.0.0,,,2022-12-21 00:45:34,2022-12-21 00:45:35,0.529s,PASSED
closeBrowser(),Chrome 108.0.0.0,,,2022-12-21 00:45:35,2022-12-21 00:45:36,0.652s,PASSED
,,,,,,,
Test Cases/BD019_BillsWithoutKategori,Chrome 108.0.0.0,,,2022-12-21 00:45:36,2022-12-21 00:47:10,1m - 34.860s,PASSED
"openBrowser("""")",Chrome 108.0.0.0,,,2022-12-21 00:45:36,2022-12-21 00:45:37,1.280s,PASSED
maximizeWindow(),Chrome 108.0.0.0,,,2022-12-21 00:45:37,2022-12-21 00:45:37,0.132s,PASSED
"navigateToUrl(""https://tes-capstone-website.vercel.app/admin/login"")",Chrome 108.0.0.0,,,2022-12-21 00:45:37,2022-12-21 00:46:56,1m - 18.799s,PASSED
"setText(findTestObject(""Auth/Email""), ""admin@nyakit.in"")",Chrome 108.0.0.0,,,2022-12-21 00:46:56,2022-12-21 00:46:57,1.034s,PASSED
"setText(findTestObject(""Auth/Password""), ""@Password123"")",Chrome 108.0.0.0,,,2022-12-21 00:46:57,2022-12-21 00:46:58,0.879s,PASSED
"click(findTestObject(""Auth/LoginButton""))",Chrome 108.0.0.0,,,2022-12-21 00:46:58,2022-12-21 00:46:58,0.500s,PASSED
"click(findTestObject(""ManageProduct/Product""))",Chrome 108.0.0.0,,,2022-12-21 00:46:58,2022-12-21 00:47:02,3.383s,PASSED
"click(findTestObject(""ManageProduct/Bills""))",Chrome 108.0.0.0,,,2022-12-21 00:47:02,2022-12-21 00:47:02,0.551s,PASSED
"click(findTestObject(""Daily/TambahProduk""))",Chrome 108.0.0.0,,,2022-12-21 00:47:02,2022-12-21 00:47:04,1.848s,PASSED
"setText(findTestObject(""Daily/Gambar""), ""Alterra"")",Chrome 108.0.0.0,,,2022-12-21 00:47:04,2022-12-21 00:47:05,1.147s,PASSED
"setText(findTestObject(""Daily/KodeProduk""), ""01alterra"")",Chrome 108.0.0.0,,,2022-12-21 00:47:05,2022-12-21 00:47:06,0.905s,PASSED
"setText(findTestObject(""Daily/Deskripsi""), ""Bootcamp QE"")",Chrome 108.0.0.0,,,2022-12-21 00:47:06,2022-12-21 00:47:07,1.022s,PASSED
"setText(findTestObject(""Daily/Nominal""), ""1000000"")",Chrome 108.0.0.0,,,2022-12-21 00:47:07,2022-12-21 00:47:08,0.993s,PASSED
"setText(findTestObject(""Daily/Harga""), ""1000000"")",Chrome 108.0.0.0,,,2022-12-21 00:47:08,2022-12-21 00:47:09,0.902s,PASSED
"click(findTestObject(""Daily/Simpan""))",Chrome 108.0.0.0,,,2022-12-21 00:47:09,2022-12-21 00:47:10,0.523s,PASSED
closeBrowser(),Chrome 108.0.0.0,,,2022-12-21 00:47:10,2022-12-21 00:47:10,0.642s,PASSED
,,,,,,,
Test Cases/BD020_BillsWihoutHarga,Chrome 108.0.0.0,,,2022-12-21 00:47:10,2022-12-21 00:47:31,20.229s,PASSED
"openBrowser("""")",Chrome 108.0.0.0,,,2022-12-21 00:47:11,2022-12-21 00:47:12,1.165s,PASSED
maximizeWindow(),Chrome 108.0.0.0,,,2022-12-21 00:47:12,2022-12-21 00:47:12,0.120s,PASSED
"navigateToUrl(""https://tes-capstone-website.vercel.app/admin/login"")",Chrome 108.0.0.0,,,2022-12-21 00:47:12,2022-12-21 00:47:17,4.828s,PASSED
"setText(findTestObject(""Auth/Email""), ""admin@nyakit.in"")",Chrome 108.0.0.0,,,2022-12-21 00:47:17,2022-12-21 00:47:18,1.051s,PASSED
"setText(findTestObject(""Auth/Password""), ""@Password123"")",Chrome 108.0.0.0,,,2022-12-21 00:47:18,2022-12-21 00:47:19,0.819s,PASSED
"click(findTestObject(""Auth/LoginButton""))",Chrome 108.0.0.0,,,2022-12-21 00:47:19,2022-12-21 00:47:19,0.515s,PASSED
"click(findTestObject(""ManageProduct/Product""))",Chrome 108.0.0.0,,,2022-12-21 00:47:19,2022-12-21 00:47:22,3.096s,PASSED
"click(findTestObject(""ManageProduct/Bills""))",Chrome 108.0.0.0,,,2022-12-21 00:47:22,2022-12-21 00:47:23,0.760s,PASSED
"click(findTestObject(""Daily/TambahProduk""))",Chrome 108.0.0.0,,,2022-12-21 00:47:23,2022-12-21 00:47:24,1.009s,PASSED
"setText(findTestObject(""Daily/Gambar""), ""Alterra"")",Chrome 108.0.0.0,,,2022-12-21 00:47:24,2022-12-21 00:47:25,1.182s,PASSED
"setText(findTestObject(""Daily/KodeProduk""), ""01alterra"")",Chrome 108.0.0.0,,,2022-12-21 00:47:25,2022-12-21 00:47:26,1.054s,PASSED
"setText(findTestObject(""Daily/Deskripsi""), ""Bootcamp QE"")",Chrome 108.0.0.0,,,2022-12-21 00:47:26,2022-12-21 00:47:27,0.860s,PASSED
"setText(findTestObject(""Daily/Nominal""), ""1000000"")",Chrome 108.0.0.0,,,2022-12-21 00:47:27,2022-12-21 00:47:28,0.932s,PASSED
"selectOptionByValue(findTestObject(""Daily/PilihDisini""), ""Pendidikan"", true)",Chrome 108.0.0.0,,,2022-12-21 00:47:28,2022-12-21 00:47:29,1.367s,PASSED
"click(findTestObject(""Daily/Simpan""))",Chrome 108.0.0.0,,,2022-12-21 00:47:29,2022-12-21 00:47:30,0.540s,PASSED
closeBrowser(),Chrome 108.0.0.0,,,2022-12-21 00:47:30,2022-12-21 00:47:31,0.628s,PASSED
,,,,,,,
Test Cases/BD021_SearchBills,Chrome 108.0.0.0,,,2022-12-21 00:47:31,2022-12-21 00:47:45,14.476s,PASSED
"openBrowser("""")",Chrome 108.0.0.0,,,2022-12-21 00:47:31,2022-12-21 00:47:32,1.356s,PASSED
maximizeWindow(),Chrome 108.0.0.0,,,2022-12-21 00:47:32,2022-12-21 00:47:32,0.128s,PASSED
"navigateToUrl(""https://tes-capstone-website.vercel.app/admin/login"")",Chrome 108.0.0.0,,,2022-12-21 00:47:32,2022-12-21 00:47:37,4.542s,PASSED
"setText(findTestObject(""Auth/Email""), ""admin@nyakit.in"")",Chrome 108.0.0.0,,,2022-12-21 00:47:37,2022-12-21 00:47:38,0.924s,PASSED
"setText(findTestObject(""Auth/Password""), ""@Password123"")",Chrome 108.0.0.0,,,2022-12-21 00:47:38,2022-12-21 00:47:39,1.005s,PASSED
"click(findTestObject(""Auth/LoginButton""))",Chrome 108.0.0.0,,,2022-12-21 00:47:39,2022-12-21 00:47:39,0.500s,PASSED
"click(findTestObject(""ManageProduct/Product""))",Chrome 108.0.0.0,,,2022-12-21 00:47:39,2022-12-21 00:47:42,2.863s,PASSED
"click(findTestObject(""ManageProduct/Bills""))",Chrome 108.0.0.0,,,2022-12-21 00:47:42,2022-12-21 00:47:43,0.652s,PASSED
"setText(findTestObject(""Daily/Search""), ""xl"")",Chrome 108.0.0.0,,,2022-12-21 00:47:43,2022-12-21 00:47:44,1.601s,PASSED
closeBrowser(),Chrome 108.0.0.0,,,2022-12-21 00:47:44,2022-12-21 00:47:45,0.630s,PASSED
,,,,,,,
Test Cases/BD023_ViewEntertaint,Chrome 108.0.0.0,,,2022-12-21 00:47:45,2022-12-21 00:47:58,12.738s,PASSED
"openBrowser("""")",Chrome 108.0.0.0,,,2022-12-21 00:47:45,2022-12-21 00:47:46,1.095s,PASSED
maximizeWindow(),Chrome 108.0.0.0,,,2022-12-21 00:47:46,2022-12-21 00:47:47,0.122s,PASSED
"navigateToUrl(""https://tes-capstone-website.vercel.app/admin/login"")",Chrome 108.0.0.0,,,2022-12-21 00:47:47,2022-12-21 00:47:51,4.304s,PASSED
"setText(findTestObject(""Auth/Email""), ""admin@nyakit.in"")",Chrome 108.0.0.0,,,2022-12-21 00:47:51,2022-12-21 00:47:52,1.028s,PASSED
"setText(findTestObject(""Auth/Password""), ""@Password123"")",Chrome 108.0.0.0,,,2022-12-21 00:47:52,2022-12-21 00:47:53,1.007s,PASSED
"click(findTestObject(""Auth/LoginButton""))",Chrome 108.0.0.0,,,2022-12-21 00:47:53,2022-12-21 00:47:53,0.506s,PASSED
"click(findTestObject(""ManageProduct/Product""))",Chrome 108.0.0.0,,,2022-12-21 00:47:53,2022-12-21 00:47:57,3.101s,PASSED
"click(findTestObject(""ManageProduct/Entertainment""))",Chrome 108.0.0.0,,,2022-12-21 00:47:57,2022-12-21 00:47:57,0.666s,PASSED
closeBrowser(),Chrome 108.0.0.0,,,2022-12-21 00:47:57,2022-12-21 00:47:58,0.666s,PASSED
,,,,,,,
Test Cases/BD025_AddProductEntertaintment,Chrome 108.0.0.0,,,2022-12-21 00:47:58,2022-12-21 00:48:18,20.038s,PASSED
"openBrowser("""")",Chrome 108.0.0.0,,,2022-12-21 00:47:58,2022-12-21 00:47:59,1.173s,PASSED
maximizeWindow(),Chrome 108.0.0.0,,,2022-12-21 00:47:59,2022-12-21 00:47:59,0.121s,PASSED
"navigateToUrl(""https://tes-capstone-website.vercel.app/admin/login"")",Chrome 108.0.0.0,,,2022-12-21 00:47:59,2022-12-21 00:48:03,3.455s,PASSED
"setText(findTestObject(""Auth/Email""), ""admin@nyakit.in"")",Chrome 108.0.0.0,,,2022-12-21 00:48:03,2022-12-21 00:48:04,0.936s,PASSED
"setText(findTestObject(""Auth/Password""), ""@Password123"")",Chrome 108.0.0.0,,,2022-12-21 00:48:04,2022-12-21 00:48:05,0.886s,PASSED
"click(findTestObject(""Auth/LoginButton""))",Chrome 108.0.0.0,,,2022-12-21 00:48:05,2022-12-21 00:48:05,0.520s,PASSED
"click(findTestObject(""ManageProduct/Product""))",Chrome 108.0.0.0,,,2022-12-21 00:48:05,2022-12-21 00:48:08,3.002s,PASSED
"click(findTestObject(""ManageProduct/Entertainment""))",Chrome 108.0.0.0,,,2022-12-21 00:48:08,2022-12-21 00:48:09,0.697s,PASSED
"click(findTestObject(""Daily/TambahProduk""))",Chrome 108.0.0.0,,,2022-12-21 00:48:09,2022-12-21 00:48:10,1.119s,PASSED
"setText(findTestObject(""Daily/Gambar""), ""Mobile Legend"")",Chrome 108.0.0.0,,,2022-12-21 00:48:10,2022-12-21 00:48:11,1.193s,PASSED
"setText(findTestObject(""Daily/KodeProduk""), ""01ml"")",Chrome 108.0.0.0,,,2022-12-21 00:48:11,2022-12-21 00:48:12,0.895s,PASSED
"setText(findTestObject(""Daily/Deskripsi""), ""Diamond Mobile Legend"")",Chrome 108.0.0.0,,,2022-12-21 00:48:12,2022-12-21 00:48:13,0.948s,PASSED
"setText(findTestObject(""Daily/Nominal""), ""50000"")",Chrome 108.0.0.0,,,2022-12-21 00:48:13,2022-12-21 00:48:14,0.902s,PASSED
"selectOptionByValue(findTestObject(""Daily/PilihDisini""), ""Games"", true)",Chrome 108.0.0.0,,,2022-12-21 00:48:14,2022-12-21 00:48:15,1.319s,PASSED
"setText(findTestObject(""Daily/Harga""), ""50500"")",Chrome 108.0.0.0,,,2022-12-21 00:48:15,2022-12-21 00:48:16,0.975s,PASSED
"click(findTestObject(""ManageProduct/SimpanEntertaint""))",Chrome 108.0.0.0,,,2022-12-21 00:48:16,2022-12-21 00:48:17,0.411s,PASSED
"click(findTestObject(""Daily/Close""))",Chrome 108.0.0.0,,,2022-12-21 00:48:17,2022-12-21 00:48:17,0.574s,PASSED
closeBrowser(),Chrome 108.0.0.0,,,2022-12-21 00:48:17,2022-12-21 00:48:18,0.637s,PASSED
,,,,,,,
Test Cases/BD026_EnterWithoutGambar,Chrome 108.0.0.0,,,2022-12-21 00:48:18,2022-12-21 00:49:07,48.750s,FAILED
"openBrowser("""")",Chrome 108.0.0.0,,,2022-12-21 00:48:18,2022-12-21 00:48:19,1.164s,PASSED
maximizeWindow(),Chrome 108.0.0.0,,,2022-12-21 00:48:19,2022-12-21 00:48:19,0.120s,PASSED
"navigateToUrl(""https://tes-capstone-website.vercel.app/admin/login"")",Chrome 108.0.0.0,,,2022-12-21 00:48:19,2022-12-21 00:48:23,3.420s,PASSED
"setText(findTestObject(""Auth/Email""), ""admin@nyakit.in"")",Chrome 108.0.0.0,,,2022-12-21 00:48:23,2022-12-21 00:48:24,1.042s,PASSED
"setText(findTestObject(""Auth/Password""), ""@Password123"")",Chrome 108.0.0.0,,,2022-12-21 00:48:24,2022-12-21 00:48:25,0.902s,PASSED
"click(findTestObject(""Auth/LoginButton""))",Chrome 108.0.0.0,,,2022-12-21 00:48:25,2022-12-21 00:48:25,0.416s,PASSED
"click(findTestObject(""ManageProduct/Product""))",Chrome 108.0.0.0,,,2022-12-21 00:48:25,2022-12-21 00:48:28,3.020s,PASSED
"click(findTestObject(""ManageProduct/Entertainment""))",Chrome 108.0.0.0,,,2022-12-21 00:48:28,2022-12-21 00:48:29,0.659s,PASSED
"click(findTestObject(""Daily/TambahProduk""))",Chrome 108.0.0.0,,,2022-12-21 00:48:29,2022-12-21 00:48:30,1.098s,PASSED
"setText(findTestObject(""Daily/KodeProduk""), ""01ml"")",Chrome 108.0.0.0,,,2022-12-21 00:48:30,2022-12-21 00:48:31,1.134s,PASSED
"setText(findTestObject(""Daily/Deskripsi""), ""Diamond Mobile Legend"")",Chrome 108.0.0.0,,,2022-12-21 00:48:31,2022-12-21 00:48:32,0.976s,PASSED
"setText(findTestObject(""Daily/Nominal""), ""50000"")",Chrome 108.0.0.0,,,2022-12-21 00:48:32,2022-12-21 00:48:33,0.815s,PASSED
"selectOptionByValue(findTestObject(""Daily/PilihDisini""), ""Games"", true)",Chrome 108.0.0.0,,,2022-12-21 00:48:33,2022-12-21 00:48:34,1.213s,PASSED
"setText(findTestObject(""Daily/Harga""), ""50500"")",Chrome 108.0.0.0,,,2022-12-21 00:48:34,2022-12-21 00:48:35,0.880s,PASSED
"click(findTestObject(""Daily/Simpan""))",Chrome 108.0.0.0,,,2022-12-21 00:48:35,2022-12-21 00:49:07,31.611s,FAILED
,,,,,,,
Test Cases/BD027_EnterWihoutKodeProduk,Chrome 108.0.0.0,,,2022-12-21 00:49:07,2022-12-21 00:49:56,49.436s,FAILED
"openBrowser("""")",Chrome 108.0.0.0,,,2022-12-21 00:49:07,2022-12-21 00:49:09,1.778s,PASSED
maximizeWindow(),Chrome 108.0.0.0,,,2022-12-21 00:49:09,2022-12-21 00:49:09,0.121s,PASSED
"navigateToUrl(""https://tes-capstone-website.vercel.app/admin/login"")",Chrome 108.0.0.0,,,2022-12-21 00:49:09,2022-12-21 00:49:12,3.531s,PASSED
"setText(findTestObject(""Auth/Email""), ""admin@nyakit.in"")",Chrome 108.0.0.0,,,2022-12-21 00:49:12,2022-12-21 00:49:13,1.083s,PASSED
"setText(findTestObject(""Auth/Password""), ""@Password123"")",Chrome 108.0.0.0,,,2022-12-21 00:49:13,2022-12-21 00:49:14,1.007s,PASSED
"click(findTestObject(""Auth/LoginButton""))",Chrome 108.0.0.0,,,2022-12-21 00:49:14,2022-12-21 00:49:15,0.423s,PASSED
"click(findTestObject(""ManageProduct/Product""))",Chrome 108.0.0.0,,,2022-12-21 00:49:15,2022-12-21 00:49:18,3.064s,PASSED
"click(findTestObject(""ManageProduct/Entertainment""))",Chrome 108.0.0.0,,,2022-12-21 00:49:18,2022-12-21 00:49:19,0.635s,PASSED
"click(findTestObject(""Daily/TambahProduk""))",Chrome 108.0.0.0,,,2022-12-21 00:49:19,2022-12-21 00:49:20,1.150s,PASSED
"setText(findTestObject(""Daily/Gambar""), ""Mobile Legend"")",Chrome 108.0.0.0,,,2022-12-21 00:49:20,2022-12-21 00:49:21,1.125s,PASSED
"setText(findTestObject(""Daily/Deskripsi""), ""Diamond Mobile Legend"")",Chrome 108.0.0.0,,,2022-12-21 00:49:21,2022-12-21 00:49:22,0.904s,PASSED
"setText(findTestObject(""Daily/Nominal""), ""50000"")",Chrome 108.0.0.0,,,2022-12-21 00:49:22,2022-12-21 00:49:23,0.833s,PASSED
"selectOptionByValue(findTestObject(""Daily/PilihDisini""), ""Games"", true)",Chrome 108.0.0.0,,,2022-12-21 00:49:23,2022-12-21 00:49:24,1.443s,PASSED
"setText(findTestObject(""Daily/Harga""), ""50500"")",Chrome 108.0.0.0,,,2022-12-21 00:49:24,2022-12-21 00:49:25,0.785s,PASSED
"click(findTestObject(""Daily/Simpan""))",Chrome 108.0.0.0,,,2022-12-21 00:49:25,2022-12-21 00:49:56,31.251s,FAILED
,,,,,,,
Test Cases/BD028_enterWithoutDeskripsi,Chrome 108.0.0.0,,,2022-12-21 00:49:56,2022-12-21 00:50:45,48.922s,FAILED
"openBrowser("""")",Chrome 108.0.0.0,,,2022-12-21 00:49:56,2022-12-21 00:49:58,1.711s,PASSED
maximizeWindow(),Chrome 108.0.0.0,,,2022-12-21 00:49:58,2022-12-21 00:49:58,0.116s,PASSED
"navigateToUrl(""https://tes-capstone-website.vercel.app/admin/login"")",Chrome 108.0.0.0,,,2022-12-21 00:49:58,2022-12-21 00:50:02,3.419s,PASSED
"setText(findTestObject(""Auth/Email""), ""admin@nyakit.in"")",Chrome 108.0.0.0,,,2022-12-21 00:50:02,2022-12-21 00:50:03,0.960s,PASSED
"setText(findTestObject(""Auth/Password""), ""@Password123"")",Chrome 108.0.0.0,,,2022-12-21 00:50:03,2022-12-21 00:50:03,0.822s,PASSED
"click(findTestObject(""Auth/LoginButton""))",Chrome 108.0.0.0,,,2022-12-21 00:50:03,2022-12-21 00:50:04,0.400s,PASSED
"click(findTestObject(""ManageProduct/Product""))",Chrome 108.0.0.0,,,2022-12-21 00:50:04,2022-12-21 00:50:07,3.080s,PASSED
"click(findTestObject(""ManageProduct/Entertainment""))",Chrome 108.0.0.0,,,2022-12-21 00:50:07,2022-12-21 00:50:07,0.529s,PASSED
"click(findTestObject(""Daily/TambahProduk""))",Chrome 108.0.0.0,,,2022-12-21 00:50:07,2022-12-21 00:50:08,1.058s,PASSED
"setText(findTestObject(""Daily/Gambar""), ""Mobile Legend"")",Chrome 108.0.0.0,,,2022-12-21 00:50:08,2022-12-21 00:50:10,1.149s,PASSED
"setText(findTestObject(""Daily/KodeProduk""), ""01ml"")",Chrome 108.0.0.0,,,2022-12-21 00:50:10,2022-12-21 00:50:11,0.984s,PASSED
"setText(findTestObject(""Daily/Nominal""), ""50000"")",Chrome 108.0.0.0,,,2022-12-21 00:50:11,2022-12-21 00:50:11,0.894s,PASSED
"selectOptionByValue(findTestObject(""Daily/PilihDisini""), ""Games"", true)",Chrome 108.0.0.0,,,2022-12-21 00:50:11,2022-12-21 00:50:13,1.211s,PASSED
"setText(findTestObject(""Daily/Harga""), ""50500"")",Chrome 108.0.0.0,,,2022-12-21 00:50:13,2022-12-21 00:50:14,1.000s,PASSED
"click(findTestObject(""Daily/Simpan""))",Chrome 108.0.0.0,,,2022-12-21 00:50:14,2022-12-21 00:50:45,31.344s,FAILED
,,,,,,,
Test Cases/BD029_EnterWithoutNominal,Chrome 108.0.0.0,,,2022-12-21 00:50:45,2022-12-21 00:51:36,51.063s,FAILED
"openBrowser("""")",Chrome 108.0.0.0,,,2022-12-21 00:50:45,2022-12-21 00:50:47,1.774s,PASSED
maximizeWindow(),Chrome 108.0.0.0,,,2022-12-21 00:50:47,2022-12-21 00:50:47,0.120s,PASSED
"navigateToUrl(""https://tes-capstone-website.vercel.app/admin/login"")",Chrome 108.0.0.0,,,2022-12-21 00:50:47,2022-12-21 00:50:53,5.492s,PASSED
"setText(findTestObject(""Auth/Email""), ""admin@nyakit.in"")",Chrome 108.0.0.0,,,2022-12-21 00:50:53,2022-12-21 00:50:53,0.837s,PASSED
"setText(findTestObject(""Auth/Password""), ""@Password123"")",Chrome 108.0.0.0,,,2022-12-21 00:50:53,2022-12-21 00:50:54,0.985s,PASSED
"click(findTestObject(""Auth/LoginButton""))",Chrome 108.0.0.0,,,2022-12-21 00:50:54,2022-12-21 00:50:55,0.504s,PASSED
"click(findTestObject(""ManageProduct/Product""))",Chrome 108.0.0.0,,,2022-12-21 00:50:55,2022-12-21 00:50:58,2.951s,PASSED
"click(findTestObject(""ManageProduct/Entertainment""))",Chrome 108.0.0.0,,,2022-12-21 00:50:58,2022-12-21 00:50:58,0.530s,PASSED
"click(findTestObject(""Daily/TambahProduk""))",Chrome 108.0.0.0,,,2022-12-21 00:50:58,2022-12-21 00:51:00,1.111s,PASSED
"setText(findTestObject(""Daily/Gambar""), ""Mobile Legend"")",Chrome 108.0.0.0,,,2022-12-21 00:51:00,2022-12-21 00:51:01,1.171s,PASSED
"setText(findTestObject(""Daily/KodeProduk""), ""01ml"")",Chrome 108.0.0.0,,,2022-12-21 00:51:01,2022-12-21 00:51:02,0.897s,PASSED
"setText(findTestObject(""Daily/Deskripsi""), ""Diamond Mobile Legend"")",Chrome 108.0.0.0,,,2022-12-21 00:51:02,2022-12-21 00:51:02,0.853s,PASSED
"selectOptionByValue(findTestObject(""Daily/PilihDisini""), ""Games"", true)",Chrome 108.0.0.0,,,2022-12-21 00:51:02,2022-12-21 00:51:04,1.245s,PASSED
"setText(findTestObject(""Daily/Harga""), ""50500"")",Chrome 108.0.0.0,,,2022-12-21 00:51:04,2022-12-21 00:51:05,0.897s,PASSED
"click(findTestObject(""Daily/Simpan""))",Chrome 108.0.0.0,,,2022-12-21 00:51:05,2022-12-21 00:51:36,31.435s,FAILED
,,,,,,,
Test Cases/BD030_EnterWithoutKategori,Chrome 108.0.0.0,,,2022-12-21 00:51:36,2022-12-21 00:52:24,48.382s,FAILED
"openBrowser("""")",Chrome 108.0.0.0,,,2022-12-21 00:51:36,2022-12-21 00:51:38,1.717s,PASSED
maximizeWindow(),Chrome 108.0.0.0,,,2022-12-21 00:51:38,2022-12-21 00:51:38,0.119s,PASSED
"navigateToUrl(""https://tes-capstone-website.vercel.app/admin/login"")",Chrome 108.0.0.0,,,2022-12-21 00:51:38,2022-12-21 00:51:42,3.368s,PASSED
"setText(findTestObject(""Auth/Email""), ""admin@nyakit.in"")",Chrome 108.0.0.0,,,2022-12-21 00:51:42,2022-12-21 00:51:43,1.052s,PASSED
"setText(findTestObject(""Auth/Password""), ""@Password123"")",Chrome 108.0.0.0,,,2022-12-21 00:51:43,2022-12-21 00:51:43,0.889s,PASSED
"click(findTestObject(""Auth/LoginButton""))",Chrome 108.0.0.0,,,2022-12-21 00:51:43,2022-12-21 00:51:44,0.400s,PASSED
"click(findTestObject(""ManageProduct/Product""))",Chrome 108.0.0.0,,,2022-12-21 00:51:44,2022-12-21 00:51:47,3.049s,PASSED
"click(findTestObject(""ManageProduct/Entertainment""))",Chrome 108.0.0.0,,,2022-12-21 00:51:47,2022-12-21 00:51:48,0.632s,PASSED
"click(findTestObject(""Daily/TambahProduk""))",Chrome 108.0.0.0,,,2022-12-21 00:51:48,2022-12-21 00:51:49,1.260s,PASSED
"setText(findTestObject(""Daily/Gambar""), ""Mobile Legend"")",Chrome 108.0.0.0,,,2022-12-21 00:51:49,2022-12-21 00:51:50,1.161s,PASSED
"setText(findTestObject(""Daily/KodeProduk""), ""01ml"")",Chrome 108.0.0.0,,,2022-12-21 00:51:50,2022-12-21 00:51:51,0.889s,PASSED
"setText(findTestObject(""Daily/Deskripsi""), ""Diamond Mobile Legend"")",Chrome 108.0.0.0,,,2022-12-21 00:51:51,2022-12-21 00:51:52,0.835s,PASSED
"setText(findTestObject(""Daily/Nominal""), ""50000"")",Chrome 108.0.0.0,,,2022-12-21 00:51:52,2022-12-21 00:51:52,0.731s,PASSED
"setText(findTestObject(""Daily/Harga""), ""50500"")",Chrome 108.0.0.0,,,2022-12-21 00:51:52,2022-12-21 00:51:53,0.787s,PASSED
"click(findTestObject(""Daily/Simpan""))",Chrome 108.0.0.0,,,2022-12-21 00:51:53,2022-12-21 00:52:24,31.262s,FAILED
,,,,,,,
Test Cases/BD031_EnterWithoutHarga,Chrome 108.0.0.0,,,2022-12-21 00:52:24,2022-12-21 00:53:14,49.578s,FAILED
"openBrowser("""")",Chrome 108.0.0.0,,,2022-12-21 00:52:25,2022-12-21 00:52:26,1.761s,PASSED
maximizeWindow(),Chrome 108.0.0.0,,,2022-12-21 00:52:26,2022-12-21 00:52:27,0.118s,PASSED
"navigateToUrl(""https://tes-capstone-website.vercel.app/admin/login"")",Chrome 108.0.0.0,,,2022-12-21 00:52:27,2022-12-21 00:52:30,3.593s,PASSED
"setText(findTestObject(""Auth/Email""), ""admin@nyakit.in"")",Chrome 108.0.0.0,,,2022-12-21 00:52:30,2022-12-21 00:52:31,0.837s,PASSED
"setText(findTestObject(""Auth/Password""), ""@Password123"")",Chrome 108.0.0.0,,,2022-12-21 00:52:31,2022-12-21 00:52:32,0.897s,PASSED
"click(findTestObject(""Auth/LoginButton""))",Chrome 108.0.0.0,,,2022-12-21 00:52:32,2022-12-21 00:52:32,0.519s,PASSED
"click(findTestObject(""ManageProduct/Product""))",Chrome 108.0.0.0,,,2022-12-21 00:52:32,2022-12-21 00:52:35,2.928s,PASSED
"click(findTestObject(""ManageProduct/Entertainment""))",Chrome 108.0.0.0,,,2022-12-21 00:52:35,2022-12-21 00:52:36,0.638s,PASSED
"click(findTestObject(""Daily/TambahProduk""))",Chrome 108.0.0.0,,,2022-12-21 00:52:36,2022-12-21 00:52:37,1.087s,PASSED
"setText(findTestObject(""Daily/Gambar""), ""Mobile Legend"")",Chrome 108.0.0.0,,,2022-12-21 00:52:37,2022-12-21 00:52:38,1.169s,PASSED
"setText(findTestObject(""Daily/KodeProduk""), ""01ml"")",Chrome 108.0.0.0,,,2022-12-21 00:52:38,2022-12-21 00:52:39,0.784s,PASSED
"setText(findTestObject(""Daily/Deskripsi""), ""Diamond Mobile Legend"")",Chrome 108.0.0.0,,,2022-12-21 00:52:39,2022-12-21 00:52:40,1.038s,PASSED
"setText(findTestObject(""Daily/Nominal""), ""50000"")",Chrome 108.0.0.0,,,2022-12-21 00:52:40,2022-12-21 00:52:41,0.976s,PASSED
"selectOptionByValue(findTestObject(""Daily/PilihDisini""), ""Games"", true)",Chrome 108.0.0.0,,,2022-12-21 00:52:41,2022-12-21 00:52:42,1.412s,PASSED
"click(findTestObject(""Daily/Simpan""))",Chrome 108.0.0.0,,,2022-12-21 00:52:42,2022-12-21 00:53:14,31.582s,FAILED
